concurrency,index,start_offset_s,ttft_ms,e2e_ms,out_tokens
1,0,0.0011,21.1,782.4,124
1,1,0.7835,21.4,782.0,124
1,2,1.5656,21.5,782.3,124
1,3,2.348,21.8,782.5,122
1,4,3.1305,21.1,781.9,124
1,5,3.9124,21.7,782.5,124
1,6,4.6949,21.4,782.4,124
1,7,5.4774,21.9,782.8,122
1,8,6.2603,25.5,787.4,123
1,9,7.0477,25.2,787.5,121
1,10,7.8352,25.3,788.3,121
1,11,8.6236,26.1,788.0,121
1,12,9.4117,25.9,788.4,121
1,13,10.2002,25.6,787.5,121
1,14,10.9877,25.6,788.0,121
1,15,11.7758,25.5,787.9,122
1,16,12.5637,25.5,788.1,123
1,17,13.3519,25.6,788.7,122
1,18,14.1407,25.9,788.4,124
1,19,14.9292,25.8,787.4,117
1,20,15.7167,24.5,787.8,121
1,21,16.5045,24.9,787.3,122
1,22,17.2919,25.6,788.0,121
1,23,18.08,25.6,788.0,121
1,24,18.868,25.0,787.3,121
1,25,19.6553,24.4,787.3,121
1,26,20.4427,24.7,787.2,120
1,27,21.2299,24.5,787.6,117
1,28,22.0175,24.3,787.5,120
1,29,22.8051,25.0,787.7,121
1,30,23.5929,26.2,788.3,121
1,31,24.3812,26.0,788.9,121
1,32,25.1702,25.7,788.1,121
1,33,25.9583,25.5,788.7,122
1,34,26.7471,25.9,788.6,119
1,35,27.5358,25.8,788.6,119
1,36,28.3244,26.4,788.1,121
1,37,29.1125,25.9,787.8,117
1,38,29.9004,25.7,788.0,121
1,39,30.6884,25.1,788.0,119
1,40,31.4765,25.3,788.3,117
1,41,32.2649,25.6,787.9,117
1,42,33.0528,25.5,788.5,120
1,43,33.8414,25.4,787.7,121
1,44,34.6292,25.4,787.7,126
1,45,35.4169,26.1,788.2,117
1,46,36.2052,25.6,788.1,121
1,47,36.9933,25.2,788.0,128
1,48,37.7814,25.0,787.9,117
1,49,38.5693,25.1,787.9,117
1,50,39.3572,25.3,788.1,121
1,51,40.1454,25.4,787.9,121
1,52,40.9333,25.2,788.2,121
1,53,41.7215,25.4,788.1,123
1,54,42.5097,25.0,787.8,121
1,55,43.2975,25.5,787.9,123
1,56,44.0855,25.6,788.5,121
1,57,44.874,25.7,788.0,121
1,58,45.662,25.3,788.1,121
1,59,46.4501,25.3,788.0,117
1,60,47.2382,25.6,787.9,117
1,61,48.0261,25.6,787.8,117
1,62,48.814,25.6,788.3,121
1,63,49.6024,25.6,787.7,121
1,64,50.3902,25.7,787.9,121
1,65,51.1782,25.5,787.7,119
1,66,51.966,25.5,787.9,119
1,67,52.7539,25.4,788.4,128
1,68,53.5423,24.7,787.4,123
1,69,54.3298,25.2,788.0,117
1,70,55.1179,25.2,787.9,117
1,71,55.9059,25.7,787.6,121
1,72,56.6936,25.7,787.9,117
1,73,57.4816,25.5,787.7,119
1,74,58.2694,25.5,788.0,117
1,75,59.0574,25.7,789.0,117
1,76,59.8465,26.0,788.2,119
1,77,60.6348,25.0,788.1,123
1,78,61.4229,25.4,787.6,119
1,79,62.2105,25.6,787.7,126
1,80,62.9982,25.5,788.4,126
1,81,63.7867,25.5,787.8,128
1,82,64.5746,25.1,787.8,123
1,83,65.3624,25.0,788.3,117
1,84,66.1507,25.3,788.8,123
1,85,66.9396,25.4,788.8,122
1,86,67.7285,25.7,788.8,117
1,87,68.5174,25.8,788.9,117
1,88,69.3063,25.4,788.4,128
1,89,70.0948,25.8,789.0,121
1,90,70.8838,25.0,788.2,117
1,91,71.6721,24.9,788.7,123
1,92,72.4608,25.2,788.6,128
1,93,73.2495,24.8,788.6,124
1,94,74.0382,25.0,788.5,123
1,95,74.8267,25.7,788.7,119
1,96,75.6154,25.3,788.8,117
1,97,76.4043,25.0,787.9,117
1,98,77.1922,25.4,788.8,121
1,99,77.981,25.5,788.4,123
1,100,78.7695,25.8,788.5,121
1,101,79.5581,25.8,789.0,124
1,102,80.3471,25.1,788.1,121
1,103,81.1353,25.0,788.1,117
1,104,81.9234,25.0,788.3,117
1,105,82.7117,26.2,789.0,117
1,106,83.5008,25.9,788.6,122
1,107,84.2894,25.5,788.3,122
1,108,85.0777,25.7,788.7,121
1,109,85.8665,25.4,788.0,121
1,110,86.6546,25.9,788.7,126
1,111,87.4433,26.0,788.6,121
1,112,88.232,25.5,788.5,121
1,113,89.0206,25.5,788.6,119
1,114,89.8092,26.1,788.5,121
1,115,90.5977,26.1,789.2,122
1,116,91.387,26.3,789.2,121
1,117,92.1763,25.3,788.9,121
1,118,92.9653,26.2,789.0,117
1,119,93.7543,25.9,788.4,128
1,120,94.5428,25.7,788.2,121
1,121,95.3311,25.7,788.2,121
1,122,96.1194,25.8,788.8,121
1,123,96.9083,25.3,788.3,121
1,124,97.6966,25.3,788.5,120
1,125,98.4851,25.3,787.8,117
1,126,99.273,25.3,788.8,117
1,127,100.0619,25.1,788.3,128
2,0,0.0007,32.5,814.7,124
2,1,0.001,34.2,814.9,124
2,2,0.8155,32.7,815.1,124
2,3,0.8161,34.5,815.0,122
2,4,1.6307,32.4,814.4,124
2,5,1.6313,34.1,814.6,124
2,6,2.4453,33.9,816.9,123
2,7,2.4462,35.4,815.6,122
2,8,3.2619,33.2,816.1,123
2,9,3.2624,34.5,815.1,124
2,10,4.0776,32.7,815.1,121
2,11,4.0782,34.1,815.0,121
2,12,4.8928,32.9,815.3,121
2,13,4.8934,34.5,815.6,121
2,14,5.7084,33.2,816.9,121
2,15,5.7093,34.5,815.5,122
2,16,6.5249,34.3,816.8,123
2,17,6.5255,35.9,816.6,122
2,18,7.3417,33.9,816.6,124
2,19,7.3423,35.6,816.6,119
2,20,8.1585,34.1,816.6,121
2,21,8.1592,35.8,815.4,121
2,22,8.9747,33.9,815.8,121
2,23,8.9752,36.3,815.8,121
2,24,9.7907,33.9,816.3,121
2,25,9.7913,35.7,816.1,121
2,26,10.607,33.3,816.1,120
2,27,10.6075,34.9,815.1,124
2,28,11.4227,33.4,816.4,120
2,29,11.4233,35.9,815.3,121
2,30,12.2387,32.6,815.4,121
2,31,12.2393,34.3,814.0,121
2,32,13.0535,32.6,814.5,121
2,33,13.0544,33.9,814.1,119
2,34,13.8681,32.7,815.0,119
2,35,13.8687,34.2,814.0,122
2,36,14.6827,32.4,814.9,121
2,37,14.6833,34.0,813.7,121
2,38,15.4971,33.4,814.7,121
2,39,15.4978,35.0,814.6,124
2,40,16.3119,33.9,816.0,117
2,41,16.3125,35.7,815.9,120
2,42,17.128,34.5,816.7,120
2,43,17.1286,36.5,816.6,117
2,44,17.9449,34.1,815.9,126
2,45,17.9454,35.6,814.9,119
2,46,18.7604,32.7,814.8,121
2,47,18.761,34.6,814.8,119
2,48,19.5753,33.3,815.5,117
2,49,19.5759,35.1,815.5,128
2,50,20.3909,32.6,814.9,121
2,51,20.3915,34.3,813.9,121
2,52,21.2055,32.7,815.4,121
2,53,21.2061,34.2,814.1,117
2,54,22.0203,33.0,814.8,121
2,55,22.021,34.5,814.6,123
2,56,22.8352,32.5,814.3,121
2,57,22.8358,34.0,813.2,119
2,58,23.6491,32.8,814.8,121
2,59,23.6497,34.1,814.7,121
2,60,24.4639,32.3,814.6,117
2,61,24.4645,33.9,813.4,121
2,62,25.2781,32.5,814.0,121
2,63,25.2787,33.9,813.9,121
2,64,26.0922,32.5,814.7,121
2,65,26.0928,34.3,814.7,119
2,66,26.907,32.2,813.7,119
2,67,26.9076,33.7,814.0,119
2,68,27.721,33.1,814.5,123
2,69,27.7218,34.3,814.2,123
2,70,28.5356,32.2,813.9,117
2,71,28.5362,33.8,814.1,121
2,72,29.3497,32.5,814.4,117
2,73,29.3505,34.0,814.1,121
2,74,30.1642,32.1,813.9,117
2,75,30.1648,33.5,813.8,120
2,76,30.9782,32.6,814.3,119
2,77,30.9788,34.1,814.3,123
2,78,31.7926,33.1,815.1,119
2,79,31.7933,34.8,814.0,128
2,80,32.6074,32.3,814.2,126
2,81,32.6079,34.0,814.2,121
2,82,33.4217,32.6,814.9,123
2,83,33.4223,34.2,813.8,117
2,84,34.2361,32.9,815.0,123
2,85,34.2367,34.5,813.9,117
2,86,35.0508,32.5,814.2,117
2,87,35.0513,34.0,814.1,117
2,88,35.865,33.8,815.8,128
2,89,35.8656,35.5,814.7,119
2,90,36.6804,32.5,814.8,117
2,91,36.681,34.4,813.8,117
2,92,37.4948,32.5,814.3,128
2,93,37.4954,34.2,813.7,117
2,94,38.3092,32.2,814.2,123
2,95,38.3096,33.9,813.3,119
2,96,39.123,32.4,814.5,117
2,97,39.1235,33.9,813.5,128
2,98,39.9371,32.8,815.0,121
2,99,39.9377,34.6,813.9,128
2,100,40.7516,33.0,814.9,121
2,101,40.7522,34.6,813.8,122
2,102,41.5661,33.1,815.3,121
2,103,41.5667,34.7,814.2,117
2,104,42.381,32.7,815.3,117
2,105,42.3816,34.2,814.2,121
2,106,43.1959,34.1,816.2,122
2,107,43.1965,36.2,815.1,117
2,108,44.0117,34.1,816.5,121
2,109,44.0123,36.2,815.5,121
2,110,44.8278,33.0,815.4,126
2,111,44.8284,34.6,814.0,126
2,112,45.6426,33.2,814.4,121
2,113,45.6435,34.3,814.1,121
2,114,46.4572,33.5,816.2,121
2,115,46.4578,35.1,815.0,119
2,116,47.2729,33.3,815.5,121
2,117,47.2736,34.9,815.3,121
2,118,48.0885,33.7,816.1,117
2,119,48.0891,35.6,815.1,121
2,120,48.9042,32.9,815.1,121
2,121,48.9048,34.6,813.9,121
2,122,49.7188,32.9,815.3,121
2,123,49.7195,34.5,814.1,117
2,124,50.5338,32.6,814.2,120
2,125,50.5343,34.2,814.1,121
2,126,51.348,32.7,814.1,117
2,127,51.3486,34.3,813.6,128
4,0,0.0006,29.1,819.0,124
4,1,0.0009,31.9,818.0,124
4,2,0.0011,32.4,819.1,124
4,3,0.0012,31.9,818.4,122
4,4,0.8191,29.5,820.2,124
4,5,0.8198,31.8,818.2,124
4,6,0.82,32.2,818.7,124
4,7,0.8207,31.2,818.0,122
4,8,1.6383,30.4,819.8,123
4,9,1.6389,33.1,819.2,124
4,10,1.6391,32.3,817.9,124
4,11,1.6401,31.7,818.0,121
4,12,2.4574,29.5,819.1,121
4,13,2.4584,31.9,818.2,121
4,14,2.4588,31.2,817.7,117
4,15,2.459,30.7,816.3,122
4,16,3.2756,30.2,819.3,123
4,17,3.2768,31.2,817.5,122
4,18,3.277,31.3,817.9,120
4,19,3.2772,31.4,818.3,119
4,20,4.0945,28.7,818.0,121
4,21,4.0951,30.9,817.4,121
4,22,4.0953,30.2,816.6,121
4,23,4.0959,29.9,817.3,121
4,24,4.9122,30.2,819.2,121
4,25,4.9128,32.5,818.6,121
4,26,4.913,33.0,819.1,121
4,27,4.9136,32.1,818.5,124
4,28,5.7315,28.9,819.3,120
4,29,5.7318,31.8,818.9,121
4,30,5.7323,31.0,818.4,121
4,31,5.7325,30.5,817.6,121
4,32,6.5503,30.2,819.5,121
4,33,6.551,32.9,818.8,119
4,34,6.5511,32.4,818.1,119
4,35,6.5513,32.9,818.5,122
4,36,7.3693,29.1,818.7,121
4,37,7.37,31.8,818.1,121
4,38,7.3702,31.3,817.3,121
4,39,7.3704,31.8,817.8,124
4,40,8.1876,29.4,819.0,117
4,41,8.1883,32.0,818.3,120
4,42,8.1885,31.5,817.5,117
4,43,8.1886,31.9,818.0,117
4,44,9.0062,29.2,818.9,126
4,45,9.0068,31.2,817.6,119
4,46,9.007,31.6,818.7,122
4,47,9.0072,31.1,817.9,119
4,48,9.8246,31.1,821.3,117
4,49,9.8253,33.9,819.4,128
4,50,9.8255,34.0,819.9,122
4,51,9.8263,33.6,819.1,121
4,52,10.6449,29.4,820.3,121
4,53,10.6456,32.0,819.1,117
4,54,10.6458,32.1,819.5,119
4,55,10.6465,30.8,817.5,123
4,56,11.4643,30.3,819.3,121
4,57,11.465,32.5,819.2,119
4,58,11.4658,32.2,818.4,98
4,59,11.4662,31.6,818.1,121
4,60,12.2838,29.3,819.2,117
4,61,12.2844,31.9,818.5,121
4,62,12.2846,32.0,818.4,121
4,63,12.2848,31.2,817.7,121
4,64,13.1026,30.0,819.4,121
4,65,13.1032,32.2,818.8,119
4,66,13.1034,31.8,818.5,121
4,67,13.1036,31.3,817.8,119
4,68,13.9215,29.6,819.5,123
4,69,13.9222,32.2,817.7,123
4,70,13.9223,32.6,818.7,124
4,71,13.9225,32.2,818.5,121
4,72,14.7402,29.2,819.0,117
4,73,14.7413,31.8,817.9,121
4,74,14.7416,31.7,817.7,123
4,75,14.7418,30.9,816.8,120
4,76,15.5588,29.2,819.2,119
4,77,15.5594,31.5,818.0,123
4,78,15.5596,31.6,818.4,119
4,79,15.5598,31.8,818.3,128
4,80,16.3776,29.5,818.8,126
4,81,16.3782,31.8,818.2,121
4,82,16.3784,31.9,818.0,123
4,83,16.3786,31.2,817.2,117
4,84,17.1959,29.9,819.3,123
4,85,17.1966,33.1,818.6,117
4,86,17.1968,33.2,818.4,119
4,87,17.1969,32.4,817.6,117
4,88,18.0147,30.0,819.7,128
4,89,18.0154,32.3,817.9,119
4,90,18.0156,32.8,818.9,121
4,91,18.0157,32.4,818.3,117
4,92,18.8336,28.9,818.7,128
4,93,18.8343,31.0,817.6,117
4,94,18.8349,30.9,817.4,121
4,95,18.8353,30.3,815.8,119
4,96,19.6514,29.3,818.1,117
4,97,19.6521,31.3,818.2,128
4,98,19.6526,31.4,818.1,128
4,99,19.6528,30.9,817.9,128
4,100,20.4698,28.8,819.0,121
4,101,20.4705,30.9,817.6,122
4,102,20.4711,30.6,818.2,121
4,103,20.4713,30.7,818.1,117
4,104,21.2884,29.9,818.6,117
4,105,21.2891,32.6,818.6,121
4,106,21.2898,31.2,817.8,117
4,107,21.2902,31.2,817.5,117
4,108,22.1072,29.0,818.6,121
4,109,22.1078,31.7,818.1,121
4,110,22.108,31.8,817.9,123
4,111,22.1082,31.1,817.1,126
4,112,22.9254,29.9,818.5,121
4,113,22.9261,32.0,818.6,121
4,114,22.9263,31.4,818.4,121
4,115,22.9265,31.9,818.8,119
4,116,23.7442,29.4,819.9,121
4,117,23.7449,32.6,818.6,121
4,118,23.7451,32.1,818.3,122
4,119,23.7458,31.0,817.0,121
4,120,24.563,29.8,819.1,121
4,121,24.5637,31.7,819.0,121
4,122,24.5639,31.9,818.8,121
4,123,24.5647,31.4,818.1,117
4,124,25.3823,28.9,818.6,120
4,125,25.3829,31.8,817.8,121
4,126,25.3831,31.9,817.6,117
4,127,25.3832,31.1,817.1,128
8,0,0.0005,31.9,855.9,123
8,1,0.0009,46.1,853.5,126
8,2,0.001,46.3,854.5,121
8,3,0.0012,46.8,855.1,122
8,4,0.0013,46.9,855.0,124
8,5,0.0015,47.0,855.0,124
8,6,0.0016,46.1,854.0,121
8,7,0.0017,47.0,854.7,124
8,8,0.8551,31.8,848.0,121
8,9,0.8559,40.3,849.2,124
8,10,0.8561,40.4,849.0,121
8,11,0.857,38.9,847.3,121
8,12,0.8573,39.5,847.9,121
8,13,0.8575,38.1,846.8,121
8,14,0.8576,40.2,847.4,123
8,15,0.858,39.4,847.0,119
8,16,1.7038,31.1,850.5,121
8,17,1.7046,39.8,849.7,121
8,18,1.7048,39.3,848.6,117
8,19,1.7056,38.1,846.7,117
8,20,1.706,38.7,848.5,121
8,21,1.7061,39.7,847.3,121
8,22,1.7063,39.9,847.1,121
8,23,1.7065,40.0,847.9,121
8,24,2.5529,31.9,850.9,117
8,25,2.5538,40.3,848.1,121
8,26,2.554,40.4,849.2,117
8,27,2.5541,40.5,849.6,117
8,28,2.555,40.1,848.8,122
8,29,2.5554,39.6,848.4,119
8,30,2.5555,40.3,848.4,123
8,31,2.5557,40.5,848.1,121
8,32,3.4027,31.7,850.4,121
8,33,3.4035,40.1,847.6,120
8,34,3.4044,40.5,848.7,122
8,35,3.4047,39.6,847.5,122
8,36,3.4049,39.7,847.3,117
8,37,3.4051,38.9,847.1,121
8,38,3.4052,39.9,847.9,121
8,39,3.4054,40.0,847.8,117
8,40,4.2517,31.8,848.7,120
8,41,4.2525,40.2,849.1,117
8,42,4.2527,40.6,849.7,117
8,43,4.2529,41.0,849.6,124
8,44,4.2537,39.8,848.7,128
8,45,4.254,40.0,848.4,120
8,46,4.2542,40.4,847.3,121
8,47,4.2546,39.7,847.8,121
8,48,5.1011,31.3,848.9,121
8,49,5.1019,40.1,849.2,123
8,50,5.1021,39.4,846.8,121
8,51,5.1029,38.4,847.2,121
8,52,5.103,38.7,848.2,122
8,53,5.1032,39.1,848.1,123
8,54,5.1033,39.8,848.0,119
8,55,5.1035,39.4,847.8,119
8,56,5.9496,31.2,850.7,121
8,57,5.9505,40.6,850.8,121
8,58,5.9509,39.7,849.5,121
8,59,5.9518,38.5,847.4,123
8,60,5.952,38.9,849.3,117
8,61,5.9522,39.2,849.2,121
8,62,5.9523,40.1,849.1,117
8,63,5.9525,39.7,847.9,119
8,64,6.7999,497.8,859.6,123
8,65,6.8007,499.9,860.2,119
8,66,6.8009,498.4,856.6,121
8,67,6.8011,499.0,857.7,121
8,68,6.8022,497.6,857.5,117
8,69,6.8026,498.6,856.9,120
8,70,6.8028,499.0,856.8,121
8,71,6.8033,533.7,1344.1,121
8,72,7.6583,36.6,866.1,119
8,73,7.6592,50.3,866.9,121
8,74,7.6601,49.0,865.6,123
8,75,7.6604,49.4,865.8,117
8,76,7.6606,49.5,865.7,117
8,77,7.6608,49.6,865.5,121
8,78,7.6641,46.6,862.3,122
8,79,8.1475,26.7,858.8,128
8,80,8.5252,35.3,866.4,123
8,81,8.526,34.2,865.0,121
8,82,8.5268,33.1,862.9,119
8,83,8.5271,46.6,864.5,117
8,84,8.5273,45.8,864.2,117
8,85,8.5275,46.0,864.1,117
8,86,8.5276,46.9,864.0,119
8,87,9.0063,26.6,858.2,119
8,88,9.3905,33.8,864.6,117
8,89,9.3912,32.7,864.7,121
8,90,9.392,46.3,863.0,121
8,91,9.3923,46.4,863.8,117
8,92,9.3925,46.8,863.6,128
8,93,9.3926,46.4,863.5,121
8,94,9.3928,46.8,863.3,117
8,95,9.8646,26.7,858.7,121
8,96,10.2553,33.2,865.6,123
8,97,10.2557,33.1,865.2,126
8,98,10.2564,47.4,864.6,128
8,99,10.2566,46.9,863.5,128
8,100,10.2567,46.4,863.3,122
8,101,10.2569,47.2,864.1,121
8,102,10.257,47.3,863.8,121
8,103,10.7233,26.7,859.3,117
8,104,11.1203,33.4,865.7,117
8,105,11.1206,33.4,866.2,117
8,106,11.1212,47.5,865.6,117
8,107,11.1214,47.6,864.6,117
8,108,11.1216,46.9,863.3,117
8,109,11.1217,46.5,865.0,121
8,110,11.1219,47.5,863.1,121
8,111,11.5827,26.5,848.1,121
8,112,11.9854,36.2,855.0,121
8,113,11.9858,42.8,854.6,121
8,114,11.9864,41.3,852.0,121
8,115,11.9866,42.3,853.8,119
8,116,11.9875,40.7,852.2,124
8,117,11.9879,40.1,852.4,117
8,118,11.9881,41.1,852.4,122
8,119,12.4309,25.7,858.4,123
8,120,12.8393,35.0,865.6,121
8,121,12.84,49.6,865.0,121
8,122,12.8409,48.5,864.1,121
8,123,12.8413,47.6,863.5,117
8,124,12.8415,47.1,861.8,120
8,125,12.8417,47.5,863.2,121
8,126,12.8419,48.1,862.5,117
8,127,13.2893,25.5,807.7,128
16,0,0.0006,60.9,898.8,123
16,1,0.001,46.1,898.3,124
16,2,0.0011,47.7,897.1,124
16,3,0.0013,48.2,898.3,122
16,4,0.0015,48.3,898.2,124
16,5,0.0016,47.6,897.9,124
16,6,0.0017,46.8,894.4,123
16,7,0.0019,50.6,897.5,122
16,8,0.002,50.8,897.6,123
16,9,0.0021,50.0,897.5,124
16,10,0.0023,49.5,897.3,122
16,11,0.0024,57.7,895.9,121
16,12,0.0026,57.1,896.8,121
16,13,0.0028,57.7,896.5,121
16,14,0.0029,57.8,896.5,121
16,15,0.003,58.2,896.6,121
16,16,0.8978,49.1,898.1,122
16,17,0.8989,49.8,895.2,122
16,18,0.8991,49.3,896.9,121
16,19,0.9002,48.7,898.1,117
16,20,0.9005,47.5,897.7,121
16,21,0.9007,49.0,897.6,121
16,22,0.9009,48.3,891.6,121
16,23,0.901,48.4,894.7,119
16,24,0.9012,54.4,897.0,121
16,25,0.9013,54.8,896.7,121
16,26,0.9015,53.7,894.4,123
16,27,0.9016,54.2,894.4,117
16,28,0.9018,56.5,894.2,120
16,29,0.9019,55.9,894.1,117
16,30,0.9023,56.3,893.5,119
16,31,0.9025,55.6,895.7,121
16,32,1.7936,53.3,914.9,121
16,33,1.7953,53.8,911.2,119
16,34,1.7967,52.2,911.5,122
16,35,1.7969,51.3,911.7,121
16,36,1.7971,51.4,911.3,121
16,37,1.7973,52.7,911.1,119
16,38,1.7974,52.3,911.0,122
16,39,1.7976,51.8,905.5,121
16,40,1.7977,56.2,910.8,122
16,41,1.7979,55.5,910.2,117
16,42,1.7993,53.8,907.3,117
16,43,1.7998,53.9,908.5,117
16,44,1.8,65.5,906.7,128
16,45,1.8001,65.6,903.0,120
16,46,1.8003,65.7,908.0,121
16,47,1.8005,66.8,907.9,119
16,48,2.7046,52.2,912.4,117
16,49,2.705,53.2,914.3,122
16,50,2.7074,51.1,912.0,121
16,51,2.7077,51.0,909.3,121
16,52,2.7079,50.0,905.7,117
16,53,2.7092,50.1,907.8,121
16,54,2.7094,49.7,910.0,119
16,55,2.7095,50.0,907.3,119
16,56,2.7097,54.9,907.2,121
16,57,2.7098,55.0,907.2,122
16,58,2.71,55.4,907.0,121
16,59,2.7101,55.0,907.0,121
16,60,2.7103,67.0,909.2,120
16,61,2.7104,66.2,905.1,117
16,62,2.7105,66.4,908.7,121
16,63,2.7109,67.8,908.5,121
16,64,3.6148,53.8,913.4,124
16,65,3.6166,53.7,911.7,119
16,66,3.6177,52.3,910.4,117
16,67,3.6181,51.6,906.0,128
16,68,3.6182,52.3,909.9,123
16,69,3.6184,53.0,909.9,123
16,70,3.6186,52.6,909.5,121
16,71,3.6187,52.2,909.5,121
16,72,3.6189,55.4,909.0,120
16,73,3.619,54.7,907.3,117
16,74,3.6204,53.6,906.0,117
16,75,3.6209,66.3,905.5,117
16,76,3.621,66.6,907.3,120
16,77,3.6212,65.7,906.7,119
16,78,3.6214,66.0,906.6,119
16,79,3.6216,66.8,906.5,128
16,80,4.5257,50.4,911.3,119
16,81,4.5271,50.5,909.7,128
16,82,4.5275,49.6,909.3,119
16,83,4.5277,50.3,908.0,117
16,84,4.5289,48.5,908.2,117
16,85,4.5291,49.1,907.8,117
16,86,4.5293,49.5,904.2,119
16,87,4.5295,49.0,907.3,117
16,88,4.5296,55.7,907.0,116
16,89,4.5298,55.3,906.8,119
16,90,4.5299,54.5,907.1,121
16,91,4.5301,54.7,906.6,117
16,92,4.5302,67.0,906.5,128
16,93,4.5304,66.3,906.7,121
16,94,4.5307,66.3,906.4,121
16,95,4.5309,67.6,906.2,119
16,96,5.4352,48.0,900.2,119
16,97,5.4364,49.1,899.3,117
16,98,5.4376,47.0,893.9,126
16,99,5.4379,47.1,897.5,123
16,100,5.4381,47.2,897.4,123
16,101,5.4382,47.6,897.5,119
16,102,5.4384,48.0,897.4,124
16,103,5.4386,48.1,897.2,117
16,104,5.4387,47.4,894.8,117
16,105,5.4389,56.2,894.7,121
16,106,5.439,56.7,894.6,117
16,107,5.4391,56.3,896.6,117
16,108,5.4394,56.5,894.0,121
16,109,5.4396,58.6,896.0,121
16,110,5.4398,58.1,895.8,124
16,111,5.4399,56.3,896.0,121
16,112,6.333,80.0,933.9,121
16,113,6.3343,79.8,932.8,119
16,114,6.3347,79.8,932.3,121
16,115,6.3349,80.2,931.2,121
16,116,6.3351,79.7,932.1,117
16,117,6.3366,78.9,930.4,121
16,118,6.3369,78.8,930.1,119
16,119,6.3371,82.5,927.4,124
16,120,6.3373,82.0,929.0,121
16,121,6.3374,82.7,928.8,121
16,122,6.3376,82.3,929.3,121
16,123,6.3377,89.2,928.4,119
16,124,6.3379,88.7,929.2,128
16,125,6.3381,88.2,928.9,120
16,126,6.3642,64.1,902.9,119
16,127,6.3645,64.5,902.7,128
32,0,0.0008,102.2,977.2,123
32,1,0.0011,90.2,964.6,119
32,2,0.0012,92.6,969.2,124
32,3,0.0014,91.8,966.5,122
32,4,0.0015,92.6,969.1,117
32,5,0.0017,91.3,966.1,124
32,6,0.0018,90.8,965.8,126
32,7,0.0019,92.8,968.8,122
32,8,0.0021,92.4,968.6,123
32,9,0.0023,92.7,968.3,121
32,10,0.0024,92.8,967.9,121
32,11,0.0026,93.2,967.8,121
32,12,0.0027,93.5,965.0,121
32,13,0.0028,92.7,965.1,121
32,14,0.003,93.0,967.8,117
32,15,0.0031,94.0,967.4,122
32,16,0.0032,94.5,967.2,117
32,17,0.0034,94.0,974.7,122
32,18,0.0035,95.7,978.4,117
32,19,0.0036,94.9,978.3,117
32,20,0.0038,95.0,973.9,121
32,21,0.004,94.3,974.1,121
32,22,0.0041,96.2,973.7,121
32,23,0.0042,95.5,973.5,122
32,24,0.0044,95.1,973.2,123
32,25,0.0045,95.5,973.6,117
32,26,0.0046,95.9,973.5,117
32,27,0.0048,96.0,977.0,117
32,28,0.0049,96.1,972.8,117
32,29,0.0051,97.3,972.8,122
32,30,0.0052,97.5,972.7,119
32,31,0.0053,97.9,972.6,124
32,32,0.9672,100.7,978.0,121
32,33,0.9688,101.1,976.3,120
32,34,0.9692,100.2,975.6,119
32,35,0.9694,100.3,979.1,121
32,36,0.9696,99.4,975.5,119
32,37,0.9697,101.1,975.3,117
32,38,0.973,97.6,972.1,119
32,39,0.9732,97.1,972.0,123
32,40,0.9734,98.5,971.3,121
32,41,0.9736,97.5,971.5,123
32,42,0.9738,97.9,970.9,117
32,43,0.974,97.5,967.2,119
32,44,0.9741,98.1,969.4,128
32,45,0.9745,97.9,970.3,119
32,46,0.9747,98.0,970.2,121
32,47,0.9748,98.4,970.1,128
32,48,0.9794,93.6,974.8,117
32,49,0.9797,93.9,975.0,123
32,50,0.9798,94.6,974.3,122
32,51,0.98,93.9,974.5,121
32,52,0.9802,94.5,974.3,121
32,53,0.9803,95.2,974.2,121
32,54,0.9805,94.5,973.8,117
32,55,0.9806,94.7,973.5,119
32,56,0.9808,95.0,973.4,122
32,57,0.9811,95.4,973.3,121
32,58,0.9813,94.7,973.1,121
32,59,0.9814,94.8,973.1,117
32,60,0.9816,99.1,972.9,117
32,61,0.9831,97.0,970.9,123
32,62,0.9835,97.0,970.8,121
32,63,0.9837,96.1,970.4,121
32,64,1.9428,97.9,974.0,119
32,65,1.9445,97.1,976.5,121
32,66,1.9458,96.1,975.3,121
32,67,1.9462,96.0,975.0,128
32,68,1.9464,96.9,975.0,121
32,69,1.9466,96.5,974.7,117
32,70,1.9468,95.8,974.5,121
32,71,1.9469,95.9,974.2,124
32,72,1.9471,96.7,972.4,121
32,73,1.9472,97.1,974.1,117
32,74,1.9474,96.7,973.9,123
32,75,1.9475,97.1,972.0,120
32,76,1.9479,97.5,973.2,117
32,77,1.948,96.9,972.9,119
32,78,1.9482,96.9,972.6,119
32,79,1.9516,95.1,969.4,123
32,80,1.955,92.1,973.3,125
32,81,1.9553,92.1,973.2,121
32,82,1.9555,91.0,973.1,117
32,83,1.9556,93.2,973.2,117
32,84,1.9558,92.7,973.0,120
32,85,1.956,92.3,972.4,119
32,86,1.9561,93.4,972.4,119
32,87,1.9563,92.8,972.4,120
32,88,1.9564,92.9,972.0,128
32,89,1.9566,94.1,972.0,119
32,90,1.957,93.1,971.6,117
32,91,1.9572,92.7,971.5,117
32,92,1.9573,93.0,971.6,128
32,93,1.9575,94.6,971.2,122
32,94,1.9576,94.7,971.1,117
32,95,1.9578,94.0,971.0,119
32,96,2.9186,101.2,978.2,128
32,97,2.9204,100.4,976.6,117
32,98,2.9206,100.6,972.1,126
32,99,2.9237,97.8,973.0,128
32,100,2.924,97.8,972.9,123
32,101,2.9242,98.2,972.6,121
32,102,2.9244,97.7,970.5,117
32,103,2.9245,99.3,972.1,117
32,104,2.9247,98.5,972.0,117
32,105,2.9248,98.7,971.7,121
32,106,2.925,99.1,972.0,117
32,107,2.9255,99.2,971.4,117
32,108,2.9257,98.8,970.9,121
32,109,2.9258,99.1,968.9,121
32,110,2.926,100.1,968.8,117
32,111,2.9262,99.4,970.6,121
32,112,2.9302,95.6,973.9,121
32,113,2.9305,94.8,973.7,121
32,114,2.9307,97.1,973.6,121
32,115,2.9309,97.2,973.4,117
32,116,2.931,96.5,973.0,124
32,117,2.9312,95.5,972.7,121
32,118,2.9329,96.0,971.0,121
32,119,2.9331,95.5,970.8,128
32,120,2.9333,95.1,970.9,121
32,121,2.9335,96.3,970.4,128
32,122,2.9336,95.8,970.5,121
32,123,2.9338,95.4,970.0,117
32,124,2.9339,96.5,970.0,126
32,125,2.9341,96.1,969.6,121
32,126,2.9345,96.2,969.7,117
32,127,2.9347,95.3,969.4,128
32,128,3.8943,100.4,1401.7,117
32,129,3.8956,99.8,1404.5,121
32,130,3.8958,99.3,1404.5,121
32,131,3.896,181.0,1404.0,124
32,132,3.8993,177.4,1399.1,120
32,133,3.8997,176.7,1398.7,126
32,134,3.8999,177.4,1400.2,125
32,135,3.9,176.1,1398.2,126
32,136,3.9002,177.3,1400.2,120
32,137,3.9004,355.0,1399.8,121
32,138,3.9005,355.2,1399.7,121
32,139,3.9007,356.6,1399.8,121
32,140,3.9008,354.3,1399.4,121
32,141,3.9013,356.2,1399.2,126
32,142,3.9014,354.8,1398.9,120
32,143,3.9016,353.3,1396.7,120
32,144,3.9055,348.6,1403.2,125
32,145,3.9057,350.3,1403.2,121
32,146,3.9059,350.6,1403.2,117
32,147,3.9061,348.4,1402.7,125
32,148,3.9062,518.8,1406.9,128
32,149,3.9064,518.2,1402.8,128
32,150,3.9065,516.5,1402.4,120
32,151,3.9067,516.6,1402.3,117
32,152,3.907,515.6,1401.9,117
32,153,3.9071,517.6,1405.9,121
32,154,3.9073,516.2,1401.7,117
32,155,3.9075,516.3,1401.6,121
32,156,3.9076,514.6,1401.2,120
32,157,3.9077,516.3,1401.4,128
32,158,3.9079,516.4,1401.3,121
32,159,3.908,522.8,1400.9,128
32,160,5.2974,101.2,1410.0,120
32,161,5.2992,100.2,1404.0,121
32,162,5.2994,100.3,1408.1,119
32,163,5.2996,206.2,1408.1,121
32,164,5.2998,204.2,1403.5,120
32,165,5.3027,202.6,1404.6,117
32,166,5.303,201.7,1402.3,120
32,167,5.3032,202.3,1404.4,123
32,168,5.3034,200.9,1401.9,120
32,169,5.3035,201.4,1401.8,117
32,170,5.3037,376.1,1403.8,121
32,171,5.3039,375.7,1403.5,125
32,172,5.3055,373.8,1401.8,126
32,173,5.3057,375.4,1401.9,117
32,174,5.3059,372.2,1399.2,119
32,175,5.3061,371.6,1399.1,128
32,176,5.3105,370.3,1404.4,117
32,177,5.3108,369.8,1404.1,126
32,178,5.3109,367.4,1403.5,120
32,179,5.3111,367.6,1403.5,128
32,180,5.3112,367.8,1403.3,123
32,181,5.3114,530.5,1403.4,126
32,182,5.3115,531.1,1403.4,120
32,183,5.3117,529.4,1402.9,121
32,184,5.3118,530.3,1403.0,120
32,185,5.3122,528.0,1402.3,117
32,186,5.3123,528.5,1402.3,120
32,187,5.3125,530.3,1402.5,119
32,188,5.3127,528.7,1402.0,128
32,189,5.3128,529.6,1402.1,121
32,190,5.3144,527.1,1400.3,117
32,191,5.3147,525.8,1400.1,122
32,192,6.7045,105.1,1417.1,120
32,193,6.7049,105.9,1416.6,122
32,194,6.706,104.4,1410.2,123
32,195,6.7062,220.2,1415.2,120
32,196,6.7063,219.8,1415.0,120
32,197,6.7069,218.6,1413.0,126
32,198,6.7071,218.8,1414.2,123
32,199,6.7103,216.3,1411.2,123
32,200,6.7106,216.6,1411.0,125
32,201,6.7107,214.4,1409.0,128
32,202,6.7109,216.0,1410.7,121
32,203,6.7111,394.3,1410.2,126
32,204,6.7112,392.6,1408.6,124
32,205,6.7116,393.2,1409.6,117
32,206,6.7118,395.0,1409.8,121
32,207,6.712,394.5,1409.3,123
32,208,6.7159,389.8,1413.1,128
32,209,6.7161,391.2,1413.1,121
32,210,6.7163,390.7,1412.9,119
32,211,6.7165,388.7,1412.6,117
32,212,6.7166,387.6,1412.2,117
32,213,6.7168,387.8,1412.1,121
32,214,6.7169,541.4,1412.1,123
32,215,6.7172,539.8,1411.6,117
32,216,6.7173,540.4,1411.7,117
32,217,6.7175,538.5,1411.2,123
32,218,6.7177,540.4,1411.5,123
32,219,6.7178,537.8,1410.8,121
32,220,6.7179,539.3,1411.0,124
32,221,6.7181,538.2,1410.6,126
32,222,6.7182,539.3,1410.7,126
32,223,6.7184,538.3,1410.4,117
32,224,8.1179,102.0,1405.6,128
32,225,8.1205,100.1,1403.9,124
32,226,8.1208,100.3,1403.8,117
32,227,8.121,204.2,1403.6,117
32,228,8.124,200.6,1400.3,126
32,229,8.1243,200.0,1399.9,121
32,230,8.1245,199.1,1397.3,124
32,231,8.1247,199.4,1399.5,123
32,232,8.1249,200.1,1399.5,117
32,233,8.125,200.4,1399.1,123
32,234,8.1252,377.3,1398.9,124
32,235,8.1253,379.9,1399.3,121
32,236,8.1255,377.6,1398.7,117
32,237,8.126,377.7,1398.4,117
32,238,8.1262,377.7,1398.3,121
32,239,8.1263,375.4,1397.1,128
32,240,8.1303,371.8,1397.0,123
32,241,8.1305,374.4,1397.3,123
32,242,8.1307,372.0,1396.8,128
32,243,8.1309,373.8,1397.0,128
32,244,8.131,372.3,1396.7,128
32,245,8.1312,532.5,1396.5,120
32,246,8.1313,532.9,1396.4,128
32,247,8.1314,532.5,1396.2,123
32,248,8.1316,529.9,1395.8,117
32,249,8.1319,530.3,1395.6,128
32,250,8.1321,532.4,1395.7,124
32,251,8.1322,530.7,1395.4,128
32,252,8.1324,530.9,1395.3,128
32,253,8.1325,532.2,1395.2,119
32,254,8.1327,529.2,1394.8,123
32,255,8.1328,532.2,1395.0,124
64,0,0.002,225.0,1237.2,128
64,1,0.0023,224.9,1236.7,124
64,2,0.0025,224.2,1236.3,121
64,3,0.0026,225.6,1236.4,122
64,4,0.0028,224.7,1236.1,121
64,5,0.0029,226.4,1236.0,124
64,6,0.0031,225.5,1236.1,124
64,7,0.0032,225.7,1236.0,121
64,8,0.0033,227.1,1235.4,123
64,9,0.0035,226.7,1235.8,124
64,10,0.0036,204.3,1209.5,121
64,11,0.0037,207.0,1209.2,121
64,12,0.0038,206.6,1209.0,121
64,13,0.004,206.2,1207.6,121
64,14,0.0042,205.5,1205.1,121
64,15,0.0043,206.8,1208.6,122
64,16,0.0045,207.2,1208.6,120
64,17,0.0046,206.8,1208.9,121
64,18,0.0047,207.4,1208.4,121
64,19,0.0049,207.1,1207.9,117
64,20,0.005,207.8,1208.2,121
64,21,0.0051,208.2,1208.2,121
64,22,0.0052,207.8,1208.0,121
64,23,0.0054,207.2,1206.0,121
64,24,0.0055,208.1,1207.8,121
64,25,0.0056,208.9,1205.8,120
64,26,0.0058,208.9,1221.5,123
64,27,0.006,207.9,1221.2,120
64,28,0.0061,209.0,1215.5,119
64,29,0.0062,209.4,1221.3,121
64,30,0.0064,209.5,1215.1,121
64,31,0.0065,208.8,1220.7,121
64,32,0.0066,209.5,1214.6,121
64,33,0.0068,210.2,1220.6,117
64,34,0.0069,209.5,1220.5,119
64,35,0.0071,209.7,1214.1,121
64,36,0.0072,210.2,1214.2,119
64,37,0.0073,209.9,1214.3,119
64,38,0.0075,210.1,1219.9,124
64,39,0.0077,210.7,1213.6,119
64,40,0.0078,210.9,1213.6,121
64,41,0.008,211.1,1213.6,117
64,42,0.0081,212.2,1224.8,123
64,43,0.0082,211.8,1225.2,124
64,44,0.0084,212.2,1224.7,117
64,45,0.0085,211.2,1224.9,119
64,46,0.0087,212.2,1224.1,119
64,47,0.0088,212.8,1224.7,119
64,48,0.009,212.5,1224.3,119
64,49,0.0092,212.0,1224.3,122
64,50,0.0093,212.6,1224.0,121
64,51,0.0095,212.7,1223.9,119
64,52,0.0096,212.9,1223.5,121
64,53,0.0097,213.3,1223.1,121
64,54,0.0099,213.7,1223.1,119
64,55,0.01,213.3,1223.2,119
64,56,0.0102,212.6,1222.6,119
64,57,0.0103,214.8,1223.1,121
64,58,0.0104,213.4,1228.6,119
64,59,0.0106,214.8,1228.7,123
64,60,0.0107,214.9,1228.1,117
64,61,0.0109,215.2,1228.0,121
64,62,0.0111,215.3,1228.3,123
64,63,0.0112,214.7,1227.9,121
64,64,1.2109,193.7,1198.7,121
64,65,1.2121,193.8,1197.9,119
64,66,1.2123,193.9,1197.6,121
64,67,1.2125,193.1,1194.6,128
64,68,1.2152,192.3,1189.6,119
64,69,1.2156,192.2,1191.6,119
64,70,1.2158,192.6,1194.3,121
64,71,1.216,192.2,1193.8,124
64,72,1.2162,192.6,1193.3,124
64,73,1.2164,192.7,1193.4,117
64,74,1.2166,193.0,1193.1,117
64,75,1.2167,192.6,1192.8,117
64,76,1.2169,193.5,1193.0,121
64,77,1.2175,193.1,1191.8,121
64,78,1.2178,192.1,1191.7,119
64,79,1.218,192.2,1191.8,126
64,80,1.225,186.3,1195.9,119
64,81,1.2253,185.7,1194.7,128
64,82,1.2255,187.6,1195.4,117
64,83,1.2257,187.8,1194.8,117
64,84,1.2258,187.9,1194.1,121
64,85,1.226,187.9,1194.6,117
64,86,1.2266,187.7,1193.3,119
64,87,1.2268,188.0,1194.2,119
64,88,1.2269,187.5,1193.3,117
64,89,1.231,184.0,1189.7,119
64,90,1.2313,183.9,1189.2,123
64,91,1.2315,183.9,1188.6,117
64,92,1.2317,184.3,1188.6,128
64,93,1.2319,184.6,1188.3,124
64,94,1.2323,183.4,1188.5,117
64,95,1.2325,183.8,1188.1,121
64,96,1.2358,180.9,1197.4,117
64,97,1.236,181.3,1197.3,128
64,98,1.2362,180.8,1196.7,126
64,99,1.2366,181.5,1196.0,128
64,100,1.2367,181.1,1196.5,121
64,101,1.2369,181.5,1195.9,121
64,102,1.237,180.6,1196.3,121
64,103,1.2372,181.5,1195.7,117
64,104,1.2373,181.5,1195.4,117
64,105,1.2375,182.1,1195.6,117
64,106,1.2376,181.5,1194.8,123
64,107,1.2378,181.5,1194.8,117
64,108,1.2379,182.2,1194.7,121
64,109,1.2381,181.7,1194.8,117
64,110,1.2383,182.1,1194.5,124
64,111,1.2384,182.2,1194.7,121
64,112,1.2419,179.0,1199.1,121
64,113,1.2421,179.4,1199.5,121
64,114,1.2423,178.8,1198.8,121
64,115,1.2424,179.8,1198.7,119
64,116,1.2426,179.2,1199.1,124
64,117,1.2428,179.2,1198.3,121
64,118,1.2429,180.1,1198.5,121
64,119,1.2432,180.0,1198.0,128
64,120,1.2434,179.2,1198.0,119
64,121,1.2435,179.3,1197.4,128
64,122,1.2436,179.9,1197.3,121
64,123,1.2438,179.9,1197.7,117
64,124,1.244,180.0,1197.8,121
64,125,1.2441,180.2,1197.5,117
64,126,1.2443,180.5,1197.5,117
64,127,1.2444,180.1,1197.0,123
64,128,2.4067,205.5,1214.5,117
64,129,2.4081,205.5,1211.2,121
64,130,2.4084,204.8,1212.6,117
64,131,2.4108,203.1,1208.6,117
64,132,2.4111,203.8,1210.2,121
64,133,2.4113,203.0,1209.8,117
64,134,2.4115,203.1,1210.0,128
64,135,2.4116,204.5,1207.8,128
64,136,2.4118,204.6,1210.0,123
64,137,2.412,203.8,1208.9,121
64,138,2.4121,203.3,1209.2,120
64,139,2.4123,204.5,1204.7,126
64,140,2.4125,204.9,1208.6,121
64,141,2.4128,204.9,1208.9,121
64,142,2.413,204.1,1207.9,121
64,143,2.4132,205.9,1208.2,117
64,144,2.4239,196.5,1206.8,125
64,145,2.4243,194.1,1206.2,117
64,146,2.4245,194.3,1206.6,123
64,147,2.4247,196.6,1205.6,128
64,148,2.4249,195.9,1205.2,128
64,149,2.4251,196.0,1205.9,128
64,150,2.4253,196.9,1205.8,121
64,151,2.4254,197.0,1205.1,117
64,152,2.4256,196.3,1204.7,119
64,153,2.4258,195.9,1205.0,121
64,154,2.426,197.3,1204.6,120
64,155,2.4261,196.6,1204.6,117
64,156,2.4267,196.3,1203.7,121
64,157,2.4269,196.9,1203.3,128
64,158,2.4271,197.0,1203.8,121
64,159,2.4273,196.3,1203.5,121
64,160,2.4371,187.3,1206.9,120
64,161,2.4375,187.8,1206.0,121
64,162,2.4377,187.3,1205.8,121
64,163,2.4379,186.7,1205.8,121
64,164,2.4381,188.2,1205.3,121
64,165,2.4383,187.7,1205.9,123
64,166,2.439,187.6,1204.5,120
64,167,2.4392,188.1,1204.9,117
64,168,2.4394,187.7,1204.0,117
64,169,2.4395,188.4,1204.7,117
64,170,2.4397,187.9,1204.2,121
64,171,2.4398,188.7,1203.9,121
64,172,2.44,188.2,1203.6,117
64,173,2.4402,188.6,1203.7,117
64,174,2.4403,188.8,1203.6,126
64,175,2.4405,189.2,1203.5,125
64,176,2.4437,185.7,1208.3,123
64,177,2.444,186.2,1207.6,126
64,178,2.4442,186.6,1208.0,117
64,179,2.4443,186.1,1207.5,128
64,180,2.4445,187.1,1207.7,123
64,181,2.4447,186.4,1207.6,126
64,182,2.4448,186.5,1207.2,120
64,183,2.445,187.7,1206.8,119
64,184,2.4452,187.0,1206.8,117
64,185,2.4453,186.6,1206.7,121
64,186,2.4456,186.9,1206.7,124
64,187,2.4458,187.8,1206.1,123
64,188,2.4459,187.1,1205.7,120
64,189,2.4461,187.2,1206.0,121
64,190,2.4462,187.6,1205.3,117
64,191,2.4464,187.7,1205.3,123
64,192,3.6188,198.0,1206.0,120
64,193,3.6201,198.5,1205.2,117
64,194,3.6204,197.6,1204.7,120
64,195,3.6206,197.8,1200.9,120
64,196,3.6246,194.9,1200.5,120
64,197,3.6248,195.4,1200.5,128
64,198,3.625,195.5,1199.6,124
64,199,3.6252,194.6,1199.5,123
64,200,3.6254,196.0,1199.8,123
64,201,3.6256,195.3,1199.5,121
64,202,3.6258,195.4,1199.2,124
64,203,3.626,196.1,1199.0,125
64,204,3.6269,195.7,1198.0,124
64,205,3.6271,195.2,1198.1,124
64,206,3.6273,194.5,1196.4,121
64,207,3.6275,196.4,1196.1,117
64,208,3.6345,189.0,1198.5,126
64,209,3.635,190.2,1203.8,121
64,210,3.6352,187.9,1203.7,119
64,211,3.6354,191.0,1203.6,117
64,212,3.6356,190.3,1203.1,117
64,213,3.6358,189.8,1202.6,122
64,214,3.6365,189.7,1196.7,117
64,215,3.6367,190.0,1196.5,121
64,216,3.6369,190.1,1202.1,121
64,217,3.6371,190.2,1196.2,124
64,218,3.6372,190.9,1201.3,123
64,219,3.6374,190.2,1201.4,121
64,220,3.6376,190.3,1201.4,121
64,221,3.6378,190.9,1200.7,126
64,222,3.6379,190.4,1200.7,128
64,223,3.6381,190.8,1200.5,124
64,224,3.6467,182.5,1199.8,126
64,225,3.647,182.4,1199.0,117
64,226,3.6472,182.6,1198.9,117
64,227,3.6474,183.3,1199.2,124
64,228,3.6477,182.7,1198.5,126
64,229,3.6479,182.3,1198.5,121
64,230,3.6481,182.9,1198.6,124
64,231,3.6483,183.7,1197.7,123
64,232,3.6484,183.8,1197.8,124
64,233,3.6486,183.0,1197.7,123
64,234,3.6487,184.7,1197.9,121
64,235,3.6489,183.6,1197.5,117
64,236,3.649,184.1,1197.3,123
64,237,3.6492,183.6,1197.0,117
64,238,3.651,183.0,1195.4,121
64,239,3.6512,182.5,1195.3,121
64,240,3.6545,179.8,1198.3,117
64,241,3.6547,180.6,1197.7,123
64,242,3.6549,179.9,1197.8,122
64,243,3.655,180.0,1197.1,128
64,244,3.6552,181.1,1197.5,128
64,245,3.6554,181.2,1196.9,121
64,246,3.6555,180.5,1196.7,128
64,247,3.6557,180.1,1196.7,117
64,248,3.6558,181.5,1196.9,121
64,249,3.656,181.1,1196.3,126
64,250,3.6562,180.6,1196.3,126
64,251,3.6564,181.2,1196.2,128
64,252,3.6565,181.5,1195.9,128
64,253,3.6567,181.1,1195.4,121
64,254,3.6568,181.7,1195.5,121
64,255,3.657,181.3,1195.6,124
64,256,4.8231,197.8,2082.7,117
64,257,4.8242,197.4,2081.7,128
64,258,4.8244,196.9,2078.0,124
64,259,4.8265,237.3,2079.3,117
64,260,4.8269,237.2,2079.0,117
64,261,4.8272,237.8,2079.2,117
64,262,4.8274,235.9,2077.3,123
64,263,4.8276,237.1,2078.7,121
64,264,4.8277,235.1,2076.8,123
64,265,4.8279,235.6,2077.7,125
64,266,4.8281,236.3,2078.0,123
64,267,4.8283,411.4,2077.8,126
64,268,4.8289,409.1,2076.8,121
64,269,4.8291,411.1,2077.1,117
64,270,4.8293,411.2,2077.0,126
64,271,4.8295,410.5,2076.6,121
64,272,4.837,400.4,2078.3,117
64,273,4.8373,399.8,2077.9,124
64,274,4.8379,401.5,2083.2,121
64,275,4.8381,400.2,2082.4,117
64,276,4.842,395.7,2073.3,117
64,277,4.8423,394.3,2072.8,126
64,278,4.8425,562.7,2078.1,117
64,279,4.8427,561.7,2077.8,128
64,280,4.8429,564.2,2078.1,128
64,281,4.8431,562.4,2077.6,121
64,282,4.8432,561.7,2077.5,120
64,283,4.8434,562.4,2077.4,121
64,284,4.8451,562.3,2076.0,126
64,285,4.8453,561.3,2075.6,121
64,286,4.8455,560.8,2075.4,121
64,287,4.8457,560.4,2075.2,121
64,288,4.8489,557.9,2078.2,119
64,289,4.8495,732.7,2077.4,123
64,290,4.8497,730.8,2077.0,121
64,291,4.8499,731.8,2077.0,123
64,292,4.85,733.2,2077.3,121
64,293,4.8502,731.0,2076.6,121
64,294,4.8503,733.1,2077.0,117
64,295,4.8505,732.2,2076.5,128
64,296,4.8506,731.3,2076.2,121
64,297,4.8508,732.9,2076.6,126
64,298,4.8509,731.5,2076.0,128
64,299,4.8512,731.8,2076.0,121
64,300,4.8513,916.2,2076.1,123
64,301,4.8515,917.4,2075.7,120
64,302,4.8516,919.1,2075.4,121
64,303,4.8518,918.2,2075.5,124
64,304,4.8559,914.3,2077.3,117
64,305,4.8561,913.0,2076.9,117
64,306,4.8563,912.3,2076.5,117
64,307,4.8565,911.4,2076.2,120
64,308,4.8567,913.0,2076.4,128
64,309,4.8569,911.4,2075.9,117
64,310,4.8571,913.4,2076.1,122
64,311,4.8573,1059.9,2075.8,121
64,312,4.8574,1060.8,2075.8,121
64,313,4.8576,1059.2,2075.4,128
64,314,4.8577,1060.0,2075.4,122
64,315,4.8579,1060.6,2075.4,121
64,316,4.858,1059.4,2075.0,126
64,317,4.8582,1058.0,2074.6,121
64,318,4.8583,1058.2,2074.5,122
64,319,4.8586,1059.4,2074.3,117
64,320,6.9041,198.3,2093.6,121
64,321,6.9052,198.3,2093.5,121
64,322,6.9054,197.7,2093.0,124
64,323,6.9075,257.0,2088.4,121
64,324,6.9079,257.8,2090.4,121
64,325,6.9081,257.1,2089.7,124
64,326,6.9083,258.2,2087.7,121
64,327,6.9085,257.0,2089.4,121
64,328,6.9087,255.4,2085.1,121
64,329,6.9088,256.0,2088.9,123
64,330,6.909,257.2,2089.5,117
64,331,6.9092,256.8,2089.3,117
64,332,6.9098,426.6,2088.8,121
64,333,6.91,425.8,2088.0,121
64,334,6.9102,426.7,2085.9,121
64,335,6.9104,424.4,2085.8,117
64,336,6.9193,414.5,2089.4,121
64,337,6.9196,414.9,2088.8,117
64,338,6.9201,417.1,2088.8,128
64,339,6.9203,413.2,2087.8,121
64,340,6.9242,410.1,2084.1,122
64,341,6.9245,412.1,2084.2,121
64,342,6.9247,411.4,2083.9,121
64,343,6.9249,586.2,2083.4,124
64,344,6.925,587.6,2083.8,121
64,345,6.9252,586.7,2083.4,124
64,346,6.9254,584.4,2082.6,121
64,347,6.9255,584.6,2082.5,121
64,348,6.9259,586.4,2082.5,123
64,349,6.9261,584.3,2082.0,121
64,350,6.9263,584.5,2081.9,121
64,351,6.9265,584.8,2082.0,121
64,352,6.9297,582.5,2093.3,117
64,353,6.9301,581.5,2092.4,122
64,354,6.9303,756.3,2091.9,119
64,355,6.9305,757.6,2092.2,121
64,356,6.9306,757.2,2092.0,123
64,357,6.9308,756.8,2091.8,121
64,358,6.9309,756.0,2091.3,117
64,359,6.9311,757.2,2091.6,128
64,360,6.9312,757.9,2091.9,121
64,361,6.9314,755.9,2090.9,117
64,362,6.9316,754.6,2090.5,121
64,363,6.9318,757.1,2091.1,121
64,364,6.9319,756.7,2090.9,121
64,365,6.9321,948.9,2091.0,120
64,366,6.9322,949.1,2090.8,117
64,367,6.9324,947.3,2090.0,117
64,368,6.9365,942.6,2093.8,117
64,369,6.9368,941.4,2093.3,120
64,370,6.937,943.5,2093.7,123
64,371,6.9371,942.8,2093.2,121
64,372,6.9373,943.5,2093.4,121
64,373,6.9378,940.7,2092.3,117
64,374,6.9381,940.8,2092.1,123
64,375,6.9383,942.0,2092.2,117
64,376,6.9385,1068.1,2091.9,119
64,377,6.9386,1068.8,2092.0,117
64,378,6.9388,1069.0,2091.9,128
64,379,6.9389,1069.3,2091.9,124
64,380,6.9391,1067.8,2091.4,121
64,381,6.9393,1068.0,2091.3,121
64,382,6.9394,1066.8,2091.0,117
64,383,6.9397,1068.3,2091.1,117
64,384,8.9954,716.9,2105.4,122
64,385,8.9968,716.8,2104.7,121
64,386,8.9971,717.0,2103.9,121
64,387,8.9973,719.0,2103.4,121
64,388,8.9975,719.4,2103.8,123
64,389,9.0018,715.6,2104.8,121
64,390,9.0023,713.7,2098.2,117
64,391,9.0025,712.8,2096.2,117
64,392,9.0027,713.9,2098.1,121
64,393,9.0029,712.8,2095.9,117
64,394,9.0031,714.0,2098.2,121
64,395,9.0033,716.8,2097.7,117
64,396,9.0041,715.8,2096.5,122
64,397,9.0043,719.0,2096.8,128
64,398,9.0045,714.7,2091.6,126
64,399,9.0047,717.4,2096.4,128
64,400,9.0129,709.7,2105.8,126
64,401,9.0133,707.1,2105.2,121
64,402,9.0135,709.6,2105.7,117
64,403,9.0137,709.2,2104.9,121
64,404,9.0139,705.7,2097.6,128
64,405,9.0141,704.9,2097.3,121
64,406,9.0143,709.8,2097.3,117
64,407,9.015,709.9,2103.5,124
64,408,9.0152,711.3,2103.8,124
64,409,9.0154,711.4,2103.7,128
64,410,9.0156,709.7,2103.2,117
64,411,9.0158,708.0,2095.6,117
64,412,9.0159,709.6,2102.9,117
64,413,9.0161,710.0,2102.8,128
64,414,9.0163,710.7,2102.7,128
64,415,9.0165,709.4,2102.4,117
64,416,9.0268,697.5,2099.1,123
64,417,9.0272,701.4,2098.9,121
64,418,9.0274,701.8,2098.8,117
64,419,9.0276,700.5,2098.4,121
64,420,9.0277,701.2,2098.4,117
64,421,9.0282,701.5,2098.3,121
64,422,9.0283,701.7,2098.3,124
64,423,9.0285,701.0,2097.7,119
64,424,9.0286,862.8,2097.9,117
64,425,9.0288,863.5,2097.8,121
64,426,9.029,861.9,2097.3,121
64,427,9.0291,863.5,2097.3,122
64,428,9.0293,861.4,2097.0,121
64,429,9.0294,860.3,2096.4,117
64,430,9.0296,859.7,2096.1,117
64,431,9.0298,861.4,2096.7,122
64,432,9.0331,858.9,2099.7,124
64,433,9.0333,856.7,2098.8,119
64,434,9.0335,856.8,2098.9,117
64,435,9.0337,1023.2,2098.8,123
64,436,9.0338,1023.3,2098.7,117
64,437,9.034,1023.4,2098.5,117
64,438,9.0342,1021.9,2098.0,123
64,439,9.0343,1023.3,2098.2,124
64,440,9.0345,1023.5,2098.2,117
64,441,9.0346,1023.8,2098.2,122
64,442,9.0349,1021.7,2097.4,124
64,443,9.035,1023.2,2097.8,122
64,444,9.0352,1080.9,2097.5,121
64,445,9.0354,1081.9,2097.2,124
64,446,9.0356,1081.4,2096.7,121
64,447,9.0358,1080.9,2096.4,123
64,448,11.0981,224.1,2100.9,121
64,449,11.1,223.5,2099.2,124
64,450,11.1002,222.9,2098.0,117
64,451,11.1032,249.5,2095.9,126
64,452,11.1036,248.7,2095.6,117
64,453,11.1039,249.6,2095.6,124
64,454,11.1041,248.9,2095.2,122
64,455,11.1043,248.9,2095.1,128
64,456,11.1045,246.8,2091.9,122
64,457,11.1047,247.0,2094.2,124
64,458,11.1049,247.2,2094.1,117
64,459,11.105,428.4,2094.4,117
64,460,11.1059,423.9,2093.2,117
64,461,11.1061,423.0,2092.7,121
64,462,11.1063,422.5,2092.5,117
64,463,11.1108,420.9,2087.9,117
64,464,11.1169,416.0,2086.4,123
64,465,11.1173,413.8,2085.9,121
64,466,11.1175,411.9,2085.4,117
64,467,11.1181,410.4,2084.8,123
64,468,11.1232,404.8,2078.7,128
64,469,11.1235,408.8,2079.9,117
64,470,11.1237,573.8,2079.8,117
64,471,11.1238,573.9,2079.6,121
64,472,11.124,572.9,2079.3,119
64,473,11.1242,571.0,2078.7,120
64,474,11.1244,572.8,2078.7,126
64,475,11.1245,571.9,2078.7,128
64,476,11.125,571.2,2078.1,117
64,477,11.1252,569.6,2076.8,117
64,478,11.1254,571.3,2077.9,121
64,479,11.1255,570.0,2077.5,126
64,480,11.129,566.7,2078.5,123
64,481,11.1295,749.6,2077.8,117
64,482,11.1297,748.6,2077.5,117
64,483,11.1299,750.3,2077.8,121
64,484,11.13,748.6,2077.2,117
64,485,11.1302,747.7,2076.9,117
64,486,11.1303,749.6,2077.2,117
64,487,11.1305,750.0,2077.2,117
64,488,11.1307,749.0,2076.8,128
64,489,11.1308,746.3,2076.1,124
64,490,11.131,747.9,2076.3,117
64,491,11.1312,748.2,2076.3,117
64,492,11.1313,937.9,2076.3,123
64,493,11.1315,937.5,2076.2,117
64,494,11.1317,936.2,2075.7,126
64,495,11.1318,937.7,2075.3,122
64,496,11.1368,930.1,2074.0,122
64,497,11.1372,931.2,2074.3,123
64,498,11.1374,931.3,2074.2,128
64,499,11.1376,928.6,2073.1,126
64,500,11.1378,929.8,2073.7,117
64,501,11.1381,929.2,2072.8,121
64,502,11.1382,928.4,2072.5,121
64,503,11.1384,1073.3,2073.3,128
64,504,11.1386,1072.8,2073.1,117
64,505,11.1387,1072.4,2072.2,125
64,506,11.1389,1070.9,2071.7,121
64,507,11.139,1071.4,2071.6,128
64,508,11.1392,1071.6,2071.6,128
64,509,11.1394,1072.8,2072.3,124
64,510,11.1395,1072.4,2072.1,123
64,511,11.1422,1068.0,2068.4,121
