query_mode,retriever,n_queries,corpus_size,k,recall_at_k,mrr_at_k,random_recall_at_k,random_mrr_at_k,recall_lift_over_random,structural_match_at_k,structural_match_baseline,structural_match_n_queries,mean_top1_score,mean_gold_score_when_found,mean_gold_rank_when_found,found_rate_within_max_k,fusion,alpha,queries_skipped_missing_gold,labeling_note,retriever_note
dialogue,pgvector,102,1040,1,0.00980392156862745,0.00980392156862745,0.0009615384615384616,0.0009615384615384616,0.00884238310708899,0.3465346534653465,0.2693838315870421,101,0.5485259983078369,0.4190758196955308,5.5,0.0196078431372549,,,0,"production-faithful: agent.graph._default_query over held-out dialogues; gold = that dialogue's own case doc (self-retrieval, single-gold)",deployed path: MiniLM 384-d + Neon HNSW cosine
dialogue,pgvector,102,1040,3,0.00980392156862745,0.00980392156862745,0.0028846153846153848,0.0017628205128205128,0.006919306184012066,0.3039215686274509,0.2691890348372358,102,0.5485259983078369,0.4190758196955308,5.5,0.0196078431372549,,,0,"production-faithful: agent.graph._default_query over held-out dialogues; gold = that dialogue's own case doc (self-retrieval, single-gold)",deployed path: MiniLM 384-d + Neon HNSW cosine
dialogue,pgvector,102,1040,5,0.00980392156862745,0.00980392156862745,0.004807692307692308,0.0021955128205128206,0.004996229260935143,0.2941176470588234,0.2691890348372358,102,0.5485259983078369,0.4190758196955308,5.5,0.0196078431372549,,,0,"production-faithful: agent.graph._default_query over held-out dialogues; gold = that dialogue's own case doc (self-retrieval, single-gold)",deployed path: MiniLM 384-d + Neon HNSW cosine
dialogue,pgvector,102,1040,10,0.0196078431372549,0.010784313725490198,0.009615384615384616,0.0028163156288156287,0.009992458521870286,0.28551198257080607,0.2691890348372358,102,0.5485259983078369,0.4190758196955308,5.5,0.0196078431372549,,,0,"production-faithful: agent.graph._default_query over held-out dialogues; gold = that dialogue's own case doc (self-retrieval, single-gold)",deployed path: MiniLM 384-d + Neon HNSW cosine
dialogue,graph,102,1040,1,0.0,0.0,0.0009615384615384616,0.0009615384615384616,-0.0009615384615384616,0.25773195876288657,0.26899209288359516,97,0.600000000000001,nan,nan,0.0,weighted,0.6,0,"production-faithful: agent.graph._default_query over held-out dialogues; gold = that dialogue's own case doc (self-retrieval, single-gold)","graph traversal only (use_vector=False). single-gold recall UNDERSTATES this arm by construction: graph anchors retrieve the gold document's structural equivalence class, and every member but the gold scores as a miss — read structural_match_at_k vs structural_match_baseline alongside it"
dialogue,graph,102,1040,3,0.0,0.0,0.0028846153846153848,0.0017628205128205128,-0.0028846153846153848,0.2233676975945018,0.26899209288359516,97,0.600000000000001,nan,nan,0.0,weighted,0.6,0,"production-faithful: agent.graph._default_query over held-out dialogues; gold = that dialogue's own case doc (self-retrieval, single-gold)","graph traversal only (use_vector=False). single-gold recall UNDERSTATES this arm by construction: graph anchors retrieve the gold document's structural equivalence class, and every member but the gold scores as a miss — read structural_match_at_k vs structural_match_baseline alongside it"
dialogue,graph,102,1040,5,0.0,0.0,0.004807692307692308,0.0021955128205128206,-0.004807692307692308,0.22061855670103092,0.26899209288359516,97,0.600000000000001,nan,nan,0.0,weighted,0.6,0,"production-faithful: agent.graph._default_query over held-out dialogues; gold = that dialogue's own case doc (self-retrieval, single-gold)","graph traversal only (use_vector=False). single-gold recall UNDERSTATES this arm by construction: graph anchors retrieve the gold document's structural equivalence class, and every member but the gold scores as a miss — read structural_match_at_k vs structural_match_baseline alongside it"
dialogue,graph,102,1040,10,0.0,0.0,0.009615384615384616,0.0028163156288156287,-0.009615384615384616,0.22061855670103087,0.26899209288359516,97,0.600000000000001,nan,nan,0.0,weighted,0.6,0,"production-faithful: agent.graph._default_query over held-out dialogues; gold = that dialogue's own case doc (self-retrieval, single-gold)","graph traversal only (use_vector=False). single-gold recall UNDERSTATES this arm by construction: graph anchors retrieve the gold document's structural equivalence class, and every member but the gold scores as a miss — read structural_match_at_k vs structural_match_baseline alongside it"
dialogue,hybrid,102,1040,1,0.00980392156862745,0.00980392156862745,0.0009615384615384616,0.0009615384615384616,0.00884238310708899,0.24509803921568626,0.2691890348372358,102,0.6271056703873075,0.4,1.0,0.00980392156862745,weighted,0.6,0,"production-faithful: agent.graph._default_query over held-out dialogues; gold = that dialogue's own case doc (self-retrieval, single-gold)","graph + vector fused. single-gold recall UNDERSTATES this arm by construction: graph anchors retrieve the gold document's structural equivalence class, and every member but the gold scores as a miss — read structural_match_at_k vs structural_match_baseline alongside it"
dialogue,hybrid,102,1040,3,0.00980392156862745,0.00980392156862745,0.0028846153846153848,0.0017628205128205128,0.006919306184012066,0.2254901960784315,0.2691890348372358,102,0.6271056703873075,0.4,1.0,0.00980392156862745,weighted,0.6,0,"production-faithful: agent.graph._default_query over held-out dialogues; gold = that dialogue's own case doc (self-retrieval, single-gold)","graph + vector fused. single-gold recall UNDERSTATES this arm by construction: graph anchors retrieve the gold document's structural equivalence class, and every member but the gold scores as a miss — read structural_match_at_k vs structural_match_baseline alongside it"
dialogue,hybrid,102,1040,5,0.00980392156862745,0.00980392156862745,0.004807692307692308,0.0021955128205128206,0.004996229260935143,0.22745098039215683,0.2691890348372358,102,0.6271056703873075,0.4,1.0,0.00980392156862745,weighted,0.6,0,"production-faithful: agent.graph._default_query over held-out dialogues; gold = that dialogue's own case doc (self-retrieval, single-gold)","graph + vector fused. single-gold recall UNDERSTATES this arm by construction: graph anchors retrieve the gold document's structural equivalence class, and every member but the gold scores as a miss — read structural_match_at_k vs structural_match_baseline alongside it"
dialogue,hybrid,102,1040,10,0.00980392156862745,0.00980392156862745,0.009615384615384616,0.0028163156288156287,0.00018853695324283493,0.22352941176470587,0.2691890348372358,102,0.6271056703873075,0.4,1.0,0.00980392156862745,weighted,0.6,0,"production-faithful: agent.graph._default_query over held-out dialogues; gold = that dialogue's own case doc (self-retrieval, single-gold)","graph + vector fused. single-gold recall UNDERSTATES this arm by construction: graph anchors retrieve the gold document's structural equivalence class, and every member but the gold scores as a miss — read structural_match_at_k vs structural_match_baseline alongside it"
dialogue,tfidf,102,1040,1,0.0,0.0,0.0009615384615384616,0.0009615384615384616,-0.0009615384615384616,,,,0.33146135573819024,0.10055059712880178,9.0,0.00980392156862745,,,0,"production-faithful: agent.graph._default_query over held-out dialogues; gold = that dialogue's own case doc (self-retrieval, single-gold)","lexical bag-of-words reference point, stock TfidfVectorizer, no database"
dialogue,tfidf,102,1040,3,0.0,0.0,0.0028846153846153848,0.0017628205128205128,-0.0028846153846153848,0.25,0.260458958517211,22,0.33146135573819024,0.10055059712880178,9.0,0.00980392156862745,,,0,"production-faithful: agent.graph._default_query over held-out dialogues; gold = that dialogue's own case doc (self-retrieval, single-gold)","lexical bag-of-words reference point, stock TfidfVectorizer, no database"
dialogue,tfidf,102,1040,5,0.0,0.0,0.004807692307692308,0.0021955128205128206,-0.004807692307692308,0.2818181818181818,0.27097969991173876,55,0.33146135573819024,0.10055059712880178,9.0,0.00980392156862745,,,0,"production-faithful: agent.graph._default_query over held-out dialogues; gold = that dialogue's own case doc (self-retrieval, single-gold)","lexical bag-of-words reference point, stock TfidfVectorizer, no database"
dialogue,tfidf,102,1040,10,0.00980392156862745,0.0010893246187363833,0.009615384615384616,0.0028163156288156287,0.00018853695324283493,0.2828736445073078,0.2705181197731423,101,0.33146135573819024,0.10055059712880178,9.0,0.00980392156862745,,,0,"production-faithful: agent.graph._default_query over held-out dialogues; gold = that dialogue's own case doc (self-retrieval, single-gold)","lexical bag-of-words reference point, stock TfidfVectorizer, no database"
dialogue,random,102,1040,1,0.0009615384615384616,0.0009615384615384616,0.0009615384615384616,0.0009615384615384616,0.0,,,,,,,,,,0,"production-faithful: agent.graph._default_query over held-out dialogues; gold = that dialogue's own case doc (self-retrieval, single-gold)","analytic expectation, no queries issued"
dialogue,random,102,1040,3,0.0028846153846153848,0.0017628205128205128,0.0028846153846153848,0.0017628205128205128,0.0,,,,,,,,,,0,"production-faithful: agent.graph._default_query over held-out dialogues; gold = that dialogue's own case doc (self-retrieval, single-gold)","analytic expectation, no queries issued"
dialogue,random,102,1040,5,0.004807692307692308,0.0021955128205128206,0.004807692307692308,0.0021955128205128206,0.0,,,,,,,,,,0,"production-faithful: agent.graph._default_query over held-out dialogues; gold = that dialogue's own case doc (self-retrieval, single-gold)","analytic expectation, no queries issued"
dialogue,random,102,1040,10,0.009615384615384616,0.0028163156288156287,0.009615384615384616,0.0028163156288156287,0.0,,,,,,,,,,0,"production-faithful: agent.graph._default_query over held-out dialogues; gold = that dialogue's own case doc (self-retrieval, single-gold)","analytic expectation, no queries issued"
summary,pgvector,102,1040,1,1.0,1.0,0.0009615384615384616,0.0009615384615384616,0.9990384615384615,1.0,0.2691890348372358,102,0.9999999886049955,0.9999999886049955,1.0,1.0,,,0,"CONTROL, not a quality claim: query text == gold doc text; recall@1 ~1.0 is the expected sanity result",deployed path: MiniLM 384-d + Neon HNSW cosine
summary,pgvector,102,1040,3,1.0,1.0,0.0028846153846153848,0.0017628205128205128,0.9971153846153846,0.5751633986928103,0.2691890348372358,102,0.9999999886049955,0.9999999886049955,1.0,1.0,,,0,"CONTROL, not a quality claim: query text == gold doc text; recall@1 ~1.0 is the expected sanity result",deployed path: MiniLM 384-d + Neon HNSW cosine
summary,pgvector,102,1040,5,1.0,1.0,0.004807692307692308,0.0021955128205128206,0.9951923076923077,0.4823529411764705,0.2691890348372358,102,0.9999999886049955,0.9999999886049955,1.0,1.0,,,0,"CONTROL, not a quality claim: query text == gold doc text; recall@1 ~1.0 is the expected sanity result",deployed path: MiniLM 384-d + Neon HNSW cosine
summary,pgvector,102,1040,10,1.0,1.0,0.009615384615384616,0.0028163156288156287,0.9903846153846154,0.4049019607843138,0.2691890348372358,102,0.9999999886049955,0.9999999886049955,1.0,1.0,,,0,"CONTROL, not a quality claim: query text == gold doc text; recall@1 ~1.0 is the expected sanity result",deployed path: MiniLM 384-d + Neon HNSW cosine
summary,graph,102,1040,1,0.00980392156862745,0.00980392156862745,0.0009615384615384616,0.0009615384615384616,0.00884238310708899,0.20588235294117646,0.2691890348372358,102,0.600000000000001,0.5644790255182945,3.75,0.0392156862745098,weighted,0.6,0,"CONTROL, not a quality claim: query text == gold doc text; recall@1 ~1.0 is the expected sanity result","graph traversal only (use_vector=False). single-gold recall UNDERSTATES this arm by construction: graph anchors retrieve the gold document's structural equivalence class, and every member but the gold scores as a miss — read structural_match_at_k vs structural_match_baseline alongside it"
summary,graph,102,1040,3,0.029411764705882353,0.0196078431372549,0.0028846153846153848,0.0017628205128205128,0.026527149321266968,0.22549019607843113,0.2691890348372358,102,0.600000000000001,0.5644790255182945,3.75,0.0392156862745098,weighted,0.6,0,"CONTROL, not a quality claim: query text == gold doc text; recall@1 ~1.0 is the expected sanity result","graph traversal only (use_vector=False). single-gold recall UNDERSTATES this arm by construction: graph anchors retrieve the gold document's structural equivalence class, and every member but the gold scores as a miss — read structural_match_at_k vs structural_match_baseline alongside it"
summary,graph,102,1040,5,0.029411764705882353,0.0196078431372549,0.004807692307692308,0.0021955128205128206,0.024604072398190045,0.21176470588235283,0.2691890348372358,102,0.600000000000001,0.5644790255182945,3.75,0.0392156862745098,weighted,0.6,0,"CONTROL, not a quality claim: query text == gold doc text; recall@1 ~1.0 is the expected sanity result","graph traversal only (use_vector=False). single-gold recall UNDERSTATES this arm by construction: graph anchors retrieve the gold document's structural equivalence class, and every member but the gold scores as a miss — read structural_match_at_k vs structural_match_baseline alongside it"
summary,graph,102,1040,10,0.0392156862745098,0.020588235294117647,0.009615384615384616,0.0028163156288156287,0.029600301659125187,0.20686274509803923,0.2691890348372358,102,0.600000000000001,0.5644790255182945,3.75,0.0392156862745098,weighted,0.6,0,"CONTROL, not a quality claim: query text == gold doc text; recall@1 ~1.0 is the expected sanity result","graph traversal only (use_vector=False). single-gold recall UNDERSTATES this arm by construction: graph anchors retrieve the gold document's structural equivalence class, and every member but the gold scores as a miss — read structural_match_at_k vs structural_match_baseline alongside it"
summary,hybrid,102,1040,1,0.0784313725490196,0.0784313725490196,0.0009615384615384616,0.0009615384615384616,0.07746983408748115,0.2647058823529412,0.2691890348372358,102,0.6436374174112224,0.7765348307866003,1.8181818181818181,0.10784313725490197,weighted,0.6,0,"CONTROL, not a quality claim: query text == gold doc text; recall@1 ~1.0 is the expected sanity result","graph + vector fused. single-gold recall UNDERSTATES this arm by construction: graph anchors retrieve the gold document's structural equivalence class, and every member but the gold scores as a miss — read structural_match_at_k vs structural_match_baseline alongside it"
summary,hybrid,102,1040,3,0.0784313725490196,0.0784313725490196,0.0028846153846153848,0.0017628205128205128,0.07554675716440422,0.21241830065359468,0.2691890348372358,102,0.6436374174112224,0.7765348307866003,1.8181818181818181,0.10784313725490197,weighted,0.6,0,"CONTROL, not a quality claim: query text == gold doc text; recall@1 ~1.0 is the expected sanity result","graph + vector fused. single-gold recall UNDERSTATES this arm by construction: graph anchors retrieve the gold document's structural equivalence class, and every member but the gold scores as a miss — read structural_match_at_k vs structural_match_baseline alongside it"
summary,hybrid,102,1040,5,0.10784313725490197,0.0857843137254902,0.004807692307692308,0.0021955128205128206,0.10303544494720966,0.2156862745098038,0.2691890348372358,102,0.6436374174112224,0.7765348307866003,1.8181818181818181,0.10784313725490197,weighted,0.6,0,"CONTROL, not a quality claim: query text == gold doc text; recall@1 ~1.0 is the expected sanity result","graph + vector fused. single-gold recall UNDERSTATES this arm by construction: graph anchors retrieve the gold document's structural equivalence class, and every member but the gold scores as a miss — read structural_match_at_k vs structural_match_baseline alongside it"
summary,hybrid,102,1040,10,0.10784313725490197,0.0857843137254902,0.009615384615384616,0.0028163156288156287,0.09822775263951736,0.20784313725490203,0.2691890348372358,102,0.6436374174112224,0.7765348307866003,1.8181818181818181,0.10784313725490197,weighted,0.6,0,"CONTROL, not a quality claim: query text == gold doc text; recall@1 ~1.0 is the expected sanity result","graph + vector fused. single-gold recall UNDERSTATES this arm by construction: graph anchors retrieve the gold document's structural equivalence class, and every member but the gold scores as a miss — read structural_match_at_k vs structural_match_baseline alongside it"
summary,tfidf,102,1040,1,1.0,1.0,0.0009615384615384616,0.0009615384615384616,0.9990384615384615,1.0,0.2691890348372358,102,1.0,1.0,1.0,1.0,,,0,"CONTROL, not a quality claim: query text == gold doc text; recall@1 ~1.0 is the expected sanity result","lexical bag-of-words reference point, stock TfidfVectorizer, no database"
summary,tfidf,102,1040,3,1.0,1.0,0.0028846153846153848,0.0017628205128205128,0.9971153846153846,0.810457516339869,0.2691890348372358,102,1.0,1.0,1.0,1.0,,,0,"CONTROL, not a quality claim: query text == gold doc text; recall@1 ~1.0 is the expected sanity result","lexical bag-of-words reference point, stock TfidfVectorizer, no database"
summary,tfidf,102,1040,5,1.0,1.0,0.004807692307692308,0.0021955128205128206,0.9951923076923077,0.7313725490196078,0.2691890348372358,102,1.0,1.0,1.0,1.0,,,0,"CONTROL, not a quality claim: query text == gold doc text; recall@1 ~1.0 is the expected sanity result","lexical bag-of-words reference point, stock TfidfVectorizer, no database"
summary,tfidf,102,1040,10,1.0,1.0,0.009615384615384616,0.0028163156288156287,0.9903846153846154,0.6715686274509807,0.2691890348372358,102,1.0,1.0,1.0,1.0,,,0,"CONTROL, not a quality claim: query text == gold doc text; recall@1 ~1.0 is the expected sanity result","lexical bag-of-words reference point, stock TfidfVectorizer, no database"
summary,random,102,1040,1,0.0009615384615384616,0.0009615384615384616,0.0009615384615384616,0.0009615384615384616,0.0,,,,,,,,,,0,"CONTROL, not a quality claim: query text == gold doc text; recall@1 ~1.0 is the expected sanity result","analytic expectation, no queries issued"
summary,random,102,1040,3,0.0028846153846153848,0.0017628205128205128,0.0028846153846153848,0.0017628205128205128,0.0,,,,,,,,,,0,"CONTROL, not a quality claim: query text == gold doc text; recall@1 ~1.0 is the expected sanity result","analytic expectation, no queries issued"
summary,random,102,1040,5,0.004807692307692308,0.0021955128205128206,0.004807692307692308,0.0021955128205128206,0.0,,,,,,,,,,0,"CONTROL, not a quality claim: query text == gold doc text; recall@1 ~1.0 is the expected sanity result","analytic expectation, no queries issued"
summary,random,102,1040,10,0.009615384615384616,0.0028163156288156287,0.009615384615384616,0.0028163156288156287,0.0,,,,,,,,,,0,"CONTROL, not a quality claim: query text == gold doc text; recall@1 ~1.0 is the expected sanity result","analytic expectation, no queries issued"
strategy,pgvector,200,1040,1,0.205,0.205,0.0009615384615384616,0.0009615384615384616,0.20403846153846153,,,,0.3097519219432391,0.20096006803777305,2.0655737704918034,0.305,,,0,human-annotated single-strategy utterance -> that strategy's playbook doc,deployed path: MiniLM 384-d + Neon HNSW cosine
strategy,pgvector,200,1040,3,0.255,0.22833333333333336,0.0028846153846153848,0.0017628205128205128,0.25211538461538463,,,,0.3097519219432391,0.20096006803777305,2.0655737704918034,0.305,,,0,human-annotated single-strategy utterance -> that strategy's playbook doc,deployed path: MiniLM 384-d + Neon HNSW cosine
strategy,pgvector,200,1040,5,0.265,0.23058333333333336,0.004807692307692308,0.0021955128205128206,0.2601923076923077,,,,0.3097519219432391,0.20096006803777305,2.0655737704918034,0.305,,,0,human-annotated single-strategy utterance -> that strategy's playbook doc,deployed path: MiniLM 384-d + Neon HNSW cosine
strategy,pgvector,200,1040,10,0.305,0.23664484126984128,0.009615384615384616,0.0028163156288156287,0.29538461538461536,,,,0.3097519219432391,0.20096006803777305,2.0655737704918034,0.305,,,0,human-annotated single-strategy utterance -> that strategy's playbook doc,deployed path: MiniLM 384-d + Neon HNSW cosine
strategy,graph,200,1040,1,0.0,0.0,0.0009615384615384616,0.0009615384615384616,-0.0009615384615384616,,,,0.6000000000000005,nan,nan,0.0,weighted,0.6,0,human-annotated single-strategy utterance -> that strategy's playbook doc,"graph traversal only (use_vector=False). single-gold recall UNDERSTATES this arm by construction: graph anchors retrieve the gold document's structural equivalence class, and every member but the gold scores as a miss — read structural_match_at_k vs structural_match_baseline alongside it"
strategy,graph,200,1040,3,0.0,0.0,0.0028846153846153848,0.0017628205128205128,-0.0028846153846153848,,,,0.6000000000000005,nan,nan,0.0,weighted,0.6,0,human-annotated single-strategy utterance -> that strategy's playbook doc,"graph traversal only (use_vector=False). single-gold recall UNDERSTATES this arm by construction: graph anchors retrieve the gold document's structural equivalence class, and every member but the gold scores as a miss — read structural_match_at_k vs structural_match_baseline alongside it"
strategy,graph,200,1040,5,0.0,0.0,0.004807692307692308,0.0021955128205128206,-0.004807692307692308,,,,0.6000000000000005,nan,nan,0.0,weighted,0.6,0,human-annotated single-strategy utterance -> that strategy's playbook doc,"graph traversal only (use_vector=False). single-gold recall UNDERSTATES this arm by construction: graph anchors retrieve the gold document's structural equivalence class, and every member but the gold scores as a miss — read structural_match_at_k vs structural_match_baseline alongside it"
strategy,graph,200,1040,10,0.0,0.0,0.009615384615384616,0.0028163156288156287,-0.009615384615384616,,,,0.6000000000000005,nan,nan,0.0,weighted,0.6,0,human-annotated single-strategy utterance -> that strategy's playbook doc,"graph traversal only (use_vector=False). single-gold recall UNDERSTATES this arm by construction: graph anchors retrieve the gold document's structural equivalence class, and every member but the gold scores as a miss — read structural_match_at_k vs structural_match_baseline alongside it"
strategy,hybrid,200,1040,1,0.155,0.155,0.0009615384615384616,0.0009615384615384616,0.15403846153846154,,,,0.5305949563954588,0.34061286650178896,2.0638297872340425,0.235,weighted,0.6,0,human-annotated single-strategy utterance -> that strategy's playbook doc,"graph + vector fused. single-gold recall UNDERSTATES this arm by construction: graph anchors retrieve the gold document's structural equivalence class, and every member but the gold scores as a miss — read structural_match_at_k vs structural_match_baseline alongside it"
strategy,hybrid,200,1040,3,0.195,0.1733333333333333,0.0028846153846153848,0.0017628205128205128,0.19211538461538463,,,,0.5305949563954588,0.34061286650178896,2.0638297872340425,0.235,weighted,0.6,0,human-annotated single-strategy utterance -> that strategy's playbook doc,"graph + vector fused. single-gold recall UNDERSTATES this arm by construction: graph anchors retrieve the gold document's structural equivalence class, and every member but the gold scores as a miss — read structural_match_at_k vs structural_match_baseline alongside it"
strategy,hybrid,200,1040,5,0.205,0.1755833333333333,0.004807692307692308,0.0021955128205128206,0.20019230769230767,,,,0.5305949563954588,0.34061286650178896,2.0638297872340425,0.235,weighted,0.6,0,human-annotated single-strategy utterance -> that strategy's playbook doc,"graph + vector fused. single-gold recall UNDERSTATES this arm by construction: graph anchors retrieve the gold document's structural equivalence class, and every member but the gold scores as a miss — read structural_match_at_k vs structural_match_baseline alongside it"
strategy,hybrid,200,1040,10,0.235,0.18025595238095235,0.009615384615384616,0.0028163156288156287,0.22538461538461538,,,,0.5305949563954588,0.34061286650178896,2.0638297872340425,0.235,weighted,0.6,0,human-annotated single-strategy utterance -> that strategy's playbook doc,"graph + vector fused. single-gold recall UNDERSTATES this arm by construction: graph anchors retrieve the gold document's structural equivalence class, and every member but the gold scores as a miss — read structural_match_at_k vs structural_match_baseline alongside it"
strategy,tfidf,200,1040,1,0.06,0.06,0.0009615384615384616,0.0009615384615384616,0.05903846153846154,,,,0.25937443756712214,0.15005775216941777,3.8688524590163933,0.305,,,0,human-annotated single-strategy utterance -> that strategy's playbook doc,"lexical bag-of-words reference point, stock TfidfVectorizer, no database"
strategy,tfidf,200,1040,3,0.17,0.10583333333333332,0.0028846153846153848,0.0017628205128205128,0.16711538461538464,,,,0.25937443756712214,0.15005775216941777,3.8688524590163933,0.305,,,0,human-annotated single-strategy utterance -> that strategy's playbook doc,"lexical bag-of-words reference point, stock TfidfVectorizer, no database"
strategy,tfidf,200,1040,5,0.22,0.1170833333333333,0.004807692307692308,0.0021955128205128206,0.21519230769230768,,,,0.25937443756712214,0.15005775216941777,3.8688524590163933,0.305,,,0,human-annotated single-strategy utterance -> that strategy's playbook doc,"lexical bag-of-words reference point, stock TfidfVectorizer, no database"
strategy,tfidf,200,1040,10,0.305,0.12904761904761902,0.009615384615384616,0.0028163156288156287,0.29538461538461536,,,,0.25937443756712214,0.15005775216941777,3.8688524590163933,0.305,,,0,human-annotated single-strategy utterance -> that strategy's playbook doc,"lexical bag-of-words reference point, stock TfidfVectorizer, no database"
strategy,random,200,1040,1,0.0009615384615384616,0.0009615384615384616,0.0009615384615384616,0.0009615384615384616,0.0,,,,,,,,,,0,human-annotated single-strategy utterance -> that strategy's playbook doc,"analytic expectation, no queries issued"
strategy,random,200,1040,3,0.0028846153846153848,0.0017628205128205128,0.0028846153846153848,0.0017628205128205128,0.0,,,,,,,,,,0,human-annotated single-strategy utterance -> that strategy's playbook doc,"analytic expectation, no queries issued"
strategy,random,200,1040,5,0.004807692307692308,0.0021955128205128206,0.004807692307692308,0.0021955128205128206,0.0,,,,,,,,,,0,human-annotated single-strategy utterance -> that strategy's playbook doc,"analytic expectation, no queries issued"
strategy,random,200,1040,10,0.009615384615384616,0.0028163156288156287,0.009615384615384616,0.0028163156288156287,0.0,,,,,,,,,,0,human-annotated single-strategy utterance -> that strategy's playbook doc,"analytic expectation, no queries issued"
